document_id,archive_source,entity_type,format,original_filename,mapping_status,raw_metadata_sha256,fields,source_trust,conflicts,proposed_prov_o,proposed_graph_relations,scope_expanding,status
BXFE-JJqJr8Bld9_QR-Bh5-G,openarchiver,email_message,EML,mail--07751968cc3f.eml,hash_verified,97e76886eddb0bbd6d84a7362064993257d35c27fe64602c6b7a33bf0633b77d,"[""archive_object_id"", ""archive_original_name"", ""archive_source"", ""archive_storage_locator"", ""email_message_id"", ""email_sender"", ""embedded_sent_at"", ""extension"", ""extractor"", ""extractor_version"", ""ingested_at"", ""metadata_profile_id"", ""metadata_profile_version"", ""mime_type"", ""normalization_policy_id"", ""normalization_policy_version"", ""original_filename"", ""resolution_policy_id"", ""resolution_policy_version"", ""sha256"", ""size_bytes""]","[""archive_mapping:derived_metadata"", ""archive_registry:archive_system"", ""content_sha256:derived_metadata"", ""content_stream:derived_metadata"", ""indexed_document_registry:ingestion_system"", ""metadata_backfill_job:ingestion_system"", ""rfc5322_headers:embedded_document_metadata""]",[],"[""existing prov:Entity enrichment""]",[],False,SUCCESS
CMYQUp85IjumWebMCBk_EcMm,openarchiver,email_message,EML,mail--17927510168d.eml,hash_verified,9e2bf6a72318825d68701923517bddfa4c49b1dfeae14f17b8519526a17b2362,"[""archive_object_id"", ""archive_original_name"", ""archive_source"", ""archive_storage_locator"", ""email_message_id"", ""email_sender"", ""embedded_sent_at"", ""extension"", ""extractor"", ""extractor_version"", ""ingested_at"", ""metadata_profile_id"", ""metadata_profile_version"", ""mime_type"", ""normalization_policy_id"", ""normalization_policy_version"", ""original_filename"", ""resolution_policy_id"", ""resolution_policy_version"", ""sha256"", ""size_bytes""]","[""archive_mapping:derived_metadata"", ""archive_registry:archive_system"", ""content_sha256:derived_metadata"", ""content_stream:derived_metadata"", ""indexed_document_registry:ingestion_system"", ""metadata_backfill_job:ingestion_system"", ""rfc5322_headers:embedded_document_metadata""]",[],"[""existing prov:Entity enrichment""]",[],False,SUCCESS
KmxSUGyRKSd2wXQfP8yAzfpB,openarchiver,email_message,EML,mail--ed32ea1f12c2.eml,hash_verified,75da3782d0f3e86a2480abeb1666721c3864be920811f439e16d252049e054ae,"[""archive_object_id"", ""archive_original_name"", ""archive_source"", ""archive_storage_locator"", ""email_message_id"", ""email_sender"", ""embedded_sent_at"", ""extension"", ""extractor"", ""extractor_version"", ""ingested_at"", ""metadata_profile_id"", ""metadata_profile_version"", ""mime_type"", ""normalization_policy_id"", ""normalization_policy_version"", ""original_filename"", ""resolution_policy_id"", ""resolution_policy_version"", ""sha256"", ""size_bytes""]","[""archive_mapping:derived_metadata"", ""archive_registry:archive_system"", ""content_sha256:derived_metadata"", ""content_stream:derived_metadata"", ""indexed_document_registry:ingestion_system"", ""metadata_backfill_job:ingestion_system"", ""rfc5322_headers:embedded_document_metadata""]",[],"[""existing prov:Entity enrichment""]",[],False,SUCCESS
WHAXv-uMRPl--rGP2UT3Xzas,openarchiver,email_message,EML,mail--d64ddd9b382b.eml,hash_verified,71478f433e4ef0ab05f3a015467237cf0cd3c99b970fe84b14bbbbe3eaf34abe,"[""archive_object_id"", ""archive_original_name"", ""archive_source"", ""archive_storage_locator"", ""email_message_id"", ""email_sender"", ""embedded_sent_at"", ""extension"", ""extractor"", ""extractor_version"", ""ingested_at"", ""metadata_profile_id"", ""metadata_profile_version"", ""mime_type"", ""normalization_policy_id"", ""normalization_policy_version"", ""original_filename"", ""resolution_policy_id"", ""resolution_policy_version"", ""sha256"", ""size_bytes""]","[""archive_mapping:derived_metadata"", ""archive_registry:archive_system"", ""content_sha256:derived_metadata"", ""content_stream:derived_metadata"", ""indexed_document_registry:ingestion_system"", ""metadata_backfill_job:ingestion_system"", ""rfc5322_headers:embedded_document_metadata""]",[],"[""existing prov:Entity enrichment""]",[],False,SUCCESS
Y7aEAGIVJlFr7i2l6FgPyhGA,openarchiver,email_message,EML,mail--3d9501b8ddd2.eml,hash_verified,de639da098ccbc11b862009887f264c358914ed58af8f0394b85734738feb961,"[""archive_object_id"", ""archive_original_name"", ""archive_source"", ""archive_storage_locator"", ""email_message_id"", ""email_sender"", ""embedded_sent_at"", ""extension"", ""extractor"", ""extractor_version"", ""ingested_at"", ""metadata_profile_id"", ""metadata_profile_version"", ""mime_type"", ""normalization_policy_id"", ""normalization_policy_version"", ""original_filename"", ""resolution_policy_id"", ""resolution_policy_version"", ""sha256"", ""size_bytes""]","[""archive_mapping:derived_metadata"", ""archive_registry:archive_system"", ""content_sha256:derived_metadata"", ""content_stream:derived_metadata"", ""indexed_document_registry:ingestion_system"", ""metadata_backfill_job:ingestion_system"", ""rfc5322_headers:embedded_document_metadata""]",[],"[""existing prov:Entity enrichment""]",[],False,SUCCESS
_iAayAY4OVkeb78SmorhVEpD,openarchiver,email_message,EML,mail--67b5bba375b9.eml,hash_verified,b7d7d33146eb070d8efcfcbcb6f43241c21f955e9a638ed0f1bb3e9bd7b024e0,"[""archive_object_id"", ""archive_original_name"", ""archive_source"", ""archive_storage_locator"", ""email_message_id"", ""email_sender"", ""embedded_sent_at"", ""extension"", ""extractor"", ""extractor_version"", ""ingested_at"", ""metadata_profile_id"", ""metadata_profile_version"", ""mime_type"", ""normalization_policy_id"", ""normalization_policy_version"", ""original_filename"", ""resolution_policy_id"", ""resolution_policy_version"", ""sha256"", ""size_bytes""]","[""archive_mapping:derived_metadata"", ""archive_registry:archive_system"", ""content_sha256:derived_metadata"", ""content_stream:derived_metadata"", ""indexed_document_registry:ingestion_system"", ""metadata_backfill_job:ingestion_system"", ""rfc5322_headers:embedded_document_metadata""]",[],"[""existing prov:Entity enrichment""]",[],False,SUCCESS
abKV9OEEzC4OuAd-48h710hJ,openarchiver,email_message,EML,mail--e7827dcf94e9.eml,hash_verified,4b8bc4ac060806f70ae47b597d9649053b7fdbfffcd110f0a30321401dbb291a,"[""archive_object_id"", ""archive_original_name"", ""archive_source"", ""archive_storage_locator"", ""email_message_id"", ""email_sender"", ""embedded_sent_at"", ""extension"", ""extractor"", ""extractor_version"", ""ingested_at"", ""metadata_profile_id"", ""metadata_profile_version"", ""mime_type"", ""normalization_policy_id"", ""normalization_policy_version"", ""original_filename"", ""resolution_policy_id"", ""resolution_policy_version"", ""sha256"", ""size_bytes""]","[""archive_mapping:derived_metadata"", ""archive_registry:archive_system"", ""content_sha256:derived_metadata"", ""content_stream:derived_metadata"", ""indexed_document_registry:ingestion_system"", ""metadata_backfill_job:ingestion_system"", ""rfc5322_headers:embedded_document_metadata""]",[],"[""existing prov:Entity enrichment""]",[],False,SUCCESS
SNGoUhf20DIlfo_W11TOEymB,openarchiver,email_message,EML,mail--b073cadab4ab.eml,hash_verified,2ddc668e10564de77faac01da2813cfcf86d47275e1a93e112f1413fb49cbc5a,"[""archive_object_id"", ""archive_original_name"", ""archive_source"", ""archive_storage_locator"", ""email_message_id"", ""email_sender"", ""embedded_sent_at"", ""extension"", ""extractor"", ""extractor_version"", ""ingested_at"", ""metadata_profile_id"", ""metadata_profile_version"", ""mime_type"", ""normalization_policy_id"", ""normalization_policy_version"", ""original_filename"", ""resolution_policy_id"", ""resolution_policy_version"", ""sha256"", ""size_bytes""]","[""archive_mapping:derived_metadata"", ""archive_registry:archive_system"", ""content_sha256:derived_metadata"", ""content_stream:derived_metadata"", ""indexed_document_registry:ingestion_system"", ""metadata_backfill_job:ingestion_system"", ""rfc5322_headers:embedded_document_metadata""]",[],"[""existing prov:Entity enrichment""]",[],False,SUCCESS
nKbJ1K9Cbgni5q8GzPLNi2IF,openarchiver,email_message,EML,mail--e671318fe81a.eml,hash_verified,ff970ca41470e8b0855f23efb642ee2c584395e4735a73d8727286890134f13b,"[""archive_object_id"", ""archive_original_name"", ""archive_source"", ""archive_storage_locator"", ""email_message_id"", ""email_sender"", ""embedded_sent_at"", ""extension"", ""extractor"", ""extractor_version"", ""ingested_at"", ""metadata_profile_id"", ""metadata_profile_version"", ""mime_type"", ""normalization_policy_id"", ""normalization_policy_version"", ""original_filename"", ""resolution_policy_id"", ""resolution_policy_version"", ""sha256"", ""size_bytes""]","[""archive_mapping:derived_metadata"", ""archive_registry:archive_system"", ""content_sha256:derived_metadata"", ""content_stream:derived_metadata"", ""indexed_document_registry:ingestion_system"", ""metadata_backfill_job:ingestion_system"", ""rfc5322_headers:embedded_document_metadata""]",[],"[""existing prov:Entity enrichment""]",[],False,SUCCESS
L3fr5pSD-8C83vOXX0iLbsRb,openarchiver,email_message,EML,Test--24d95dc67426.eml,hash_verified,a0fc372816c0d19f875c85fe255b6bd281d73de0d7280d8d91dadeaeff650413,"[""archive_object_id"", ""archive_original_name"", ""archive_source"", ""archive_storage_locator"", ""email_message_id"", ""email_sender"", ""embedded_sent_at"", ""extension"", ""extractor"", ""extractor_version"", ""ingested_at"", ""metadata_profile_id"", ""metadata_profile_version"", ""mime_type"", ""normalization_policy_id"", ""normalization_policy_version"", ""original_filename"", ""resolution_policy_id"", ""resolution_policy_version"", ""sha256"", ""size_bytes"", ""subject""]","[""archive_mapping:derived_metadata"", ""archive_registry:archive_system"", ""content_sha256:derived_metadata"", ""content_stream:derived_metadata"", ""indexed_document_registry:ingestion_system"", ""metadata_backfill_job:ingestion_system"", ""rfc5322_headers:embedded_document_metadata""]",[],"[""existing prov:Entity enrichment""]",[],False,SUCCESS
7hu8t1xA15GrmizEv6d5QMFE,openarchiver,email_attachment,PDF,c650880.pdf,hash_verified,bad08ed96513cddc00e95653c0548aadff4331c41b36ff9551a56c1c3b0a0f48,"[""archive_object_id"", ""archive_original_name"", ""archive_source"", ""archive_storage_locator"", ""extension"", ""extractor"", ""extractor_version"", ""ingested_at"", ""metadata_profile_id"", ""metadata_profile_version"", ""mime_type"", ""normalization_policy_id"", ""normalization_policy_version"", ""original_filename"", ""parent_entity_ids"", ""resolution_policy_id"", ""resolution_policy_version"", ""sha256"", ""size_bytes""]","[""archive_mapping:derived_metadata"", ""archive_registry:archive_system"", ""content_sha256:derived_metadata"", ""content_stream:derived_metadata"", ""indexed_document_registry:ingestion_system"", ""metadata_backfill_job:ingestion_system"", ""source_provenance_relations:archive_system""]",[],"[""existing prov:Entity enrichment"", ""existing asserted attachment_of retained""]",[],False,SUCCESS
NiSAwYc2CekE8FMIf2_bp3Nl,openarchiver,email_attachment,PDF,FR41161905_541000007142.pdf,hash_verified,8c428456955b6f23e60c5a709774760c9d6503224c4821e9d7f4566a47afe9d6,"[""archive_object_id"", ""archive_original_name"", ""archive_source"", ""archive_storage_locator"", ""embedded_created_at"", ""embedded_modified_at"", ""extension"", ""extractor"", ""extractor_version"", ""ingested_at"", ""metadata_profile_id"", ""metadata_profile_version"", ""mime_type"", ""normalization_policy_id"", ""normalization_policy_version"", ""original_filename"", ""parent_entity_ids"", ""producer"", ""resolution_policy_id"", ""resolution_policy_version"", ""sha256"", ""size_bytes""]","[""archive_mapping:derived_metadata"", ""archive_registry:archive_system"", ""content_sha256:derived_metadata"", ""content_stream:derived_metadata"", ""indexed_document_registry:ingestion_system"", ""metadata_backfill_job:ingestion_system"", ""pdf_info_dictionary:embedded_document_metadata"", ""source_provenance_relations:archive_system""]",[],"[""existing prov:Entity enrichment"", ""existing asserted attachment_of retained""]",[],False,SUCCESS
ra01nKIBvQLreyneo1k79Pxt,openarchiver,email_attachment,PDF,FR41161905_541000007142.pdf,hash_verified,9816b15bd9a8a284f9073721376644b743636a3cf8d3cec971298855bcdbcbfc,"[""archive_object_id"", ""archive_original_name"", ""archive_source"", ""archive_storage_locator"", ""embedded_created_at"", ""embedded_modified_at"", ""extension"", ""extractor"", ""extractor_version"", ""ingested_at"", ""metadata_profile_id"", ""metadata_profile_version"", ""mime_type"", ""normalization_policy_id"", ""normalization_policy_version"", ""original_filename"", ""parent_entity_ids"", ""producer"", ""resolution_policy_id"", ""resolution_policy_version"", ""sha256"", ""size_bytes""]","[""archive_mapping:derived_metadata"", ""archive_registry:archive_system"", ""content_sha256:derived_metadata"", ""content_stream:derived_metadata"", ""indexed_document_registry:ingestion_system"", ""metadata_backfill_job:ingestion_system"", ""pdf_info_dictionary:embedded_document_metadata"", ""source_provenance_relations:archive_system""]",[],"[""existing prov:Entity enrichment"", ""existing asserted attachment_of retained""]",[],False,SUCCESS
pantzxhTt70INFddNGsjRnh_,openarchiver,email_attachment,PDF,FR41161905_541000006792.pdf,hash_verified,a04b6090b75fae11917cea6a263aa8099ced02603447eafcd7079f5a20d61219,"[""archive_object_id"", ""archive_original_name"", ""archive_source"", ""archive_storage_locator"", ""embedded_created_at"", ""embedded_modified_at"", ""extension"", ""extractor"", ""extractor_version"", ""ingested_at"", ""metadata_profile_id"", ""metadata_profile_version"", ""mime_type"", ""normalization_policy_id"", ""normalization_policy_version"", ""original_filename"", ""parent_entity_ids"", ""producer"", ""resolution_policy_id"", ""resolution_policy_version"", ""sha256"", ""size_bytes""]","[""archive_mapping:derived_metadata"", ""archive_registry:archive_system"", ""content_sha256:derived_metadata"", ""content_stream:derived_metadata"", ""indexed_document_registry:ingestion_system"", ""metadata_backfill_job:ingestion_system"", ""pdf_info_dictionary:embedded_document_metadata"", ""source_provenance_relations:archive_system""]",[],"[""existing prov:Entity enrichment"", ""existing asserted attachment_of retained""]",[],False,SUCCESS
Kxch5K0p-juJEOtBD2jyIdF0,openarchiver,email_attachment,PDF,20151223.pdf,hash_verified,6d5d89b0469b052621a0a2b3870ff6ff2bad99996b203c2c8a29d62378b61fef,"[""archive_object_id"", ""archive_original_name"", ""archive_source"", ""archive_storage_locator"", ""embedded_created_at"", ""embedded_modified_at"", ""extension"", ""extractor"", ""extractor_version"", ""ingested_at"", ""metadata_profile_id"", ""metadata_profile_version"", ""mime_type"", ""normalization_policy_id"", ""normalization_policy_version"", ""original_filename"", ""parent_entity_ids"", ""producer"", ""resolution_policy_id"", ""resolution_policy_version"", ""sha256"", ""size_bytes""]","[""archive_mapping:derived_metadata"", ""archive_registry:archive_system"", ""content_sha256:derived_metadata"", ""content_stream:derived_metadata"", ""indexed_document_registry:ingestion_system"", ""metadata_backfill_job:ingestion_system"", ""pdf_info_dictionary:embedded_document_metadata"", ""source_provenance_relations:archive_system""]",[],"[""existing prov:Entity enrichment"", ""existing asserted attachment_of retained""]",[],False,SUCCESS
oqM_-gYBXO5yGUBdufpmxHDc,openarchiver,email_attachment,PDF,FR41161905_541000006166.pdf,hash_verified,1a02a0caf09e9aa077580566a9b3175554a507ad19ca78535ddc41be9cc5a142,"[""archive_object_id"", ""archive_original_name"", ""archive_source"", ""archive_storage_locator"", ""embedded_created_at"", ""embedded_modified_at"", ""extension"", ""extractor"", ""extractor_version"", ""ingested_at"", ""metadata_profile_id"", ""metadata_profile_version"", ""mime_type"", ""normalization_policy_id"", ""normalization_policy_version"", ""original_filename"", ""parent_entity_ids"", ""producer"", ""resolution_policy_id"", ""resolution_policy_version"", ""sha256"", ""size_bytes""]","[""archive_mapping:derived_metadata"", ""archive_registry:archive_system"", ""content_sha256:derived_metadata"", ""content_stream:derived_metadata"", ""indexed_document_registry:ingestion_system"", ""metadata_backfill_job:ingestion_system"", ""pdf_info_dictionary:embedded_document_metadata"", ""source_provenance_relations:archive_system""]",[],"[""existing prov:Entity enrichment"", ""existing asserted attachment_of retained""]",[],False,SUCCESS
-DMK4c55ECFEATNRU5jsVImS,openarchiver,email_attachment,PDF,PACKSLIP_MINIMAL14930428421991.PDF,hash_verified,c38d99161d74c01988ce70739672120dc9bd30bb5725ecdbc4b211b01e5aa77b,"[""archive_object_id"", ""archive_original_name"", ""archive_source"", ""archive_storage_locator"", ""author"", ""embedded_created_at"", ""embedded_modified_at"", ""extension"", ""extractor"", ""extractor_version"", ""ingested_at"", ""keywords"", ""metadata_profile_id"", ""metadata_profile_version"", ""mime_type"", ""normalization_policy_id"", ""normalization_policy_version"", ""original_filename"", ""parent_entity_ids"", ""producer"", ""resolution_policy_id"", ""resolution_policy_version"", ""sha256"", ""size_bytes"", ""title""]","[""archive_mapping:derived_metadata"", ""archive_registry:archive_system"", ""content_sha256:derived_metadata"", ""content_stream:derived_metadata"", ""indexed_document_registry:ingestion_system"", ""metadata_backfill_job:ingestion_system"", ""pdf_info_dictionary:embedded_document_metadata"", ""source_provenance_relations:archive_system""]",[],"[""existing prov:Entity enrichment"", ""existing asserted attachment_of retained""]",[],False,SUCCESS
Tb72L21mwrKXLYL4IzV0a2Sl,openarchiver,email_attachment,PDF,FR41161905_541000007693.pdf,hash_verified,25ada7b655600759bf2c09d9c6e9cf05628d4b7a5c1fd7020dc527c55e8d2e3b,"[""archive_object_id"", ""archive_original_name"", ""archive_source"", ""archive_storage_locator"", ""embedded_created_at"", ""embedded_modified_at"", ""extension"", ""extractor"", ""extractor_version"", ""ingested_at"", ""metadata_profile_id"", ""metadata_profile_version"", ""mime_type"", ""normalization_policy_id"", ""normalization_policy_version"", ""original_filename"", ""parent_entity_ids"", ""producer"", ""resolution_policy_id"", ""resolution_policy_version"", ""sha256"", ""size_bytes""]","[""archive_mapping:derived_metadata"", ""archive_registry:archive_system"", ""content_sha256:derived_metadata"", ""content_stream:derived_metadata"", ""indexed_document_registry:ingestion_system"", ""metadata_backfill_job:ingestion_system"", ""pdf_info_dictionary:embedded_document_metadata"", ""source_provenance_relations:archive_system""]",[],"[""existing prov:Entity enrichment"", ""existing asserted attachment_of retained""]",[],False,SUCCESS
gRxAmrNfq0IwunaGoeowN6xq,openarchiver,email_attachment,PDF,LP41106018001054#PP00123349854#WISEARCH.pdf,hash_verified,83d41a5b86423c77cb53eec3f41ffdfc2cbb48df45d812db37e6521c1297b6c8,"[""archive_object_id"", ""archive_original_name"", ""archive_source"", ""archive_storage_locator"", ""embedded_created_at"", ""extension"", ""extractor"", ""extractor_version"", ""ingested_at"", ""metadata_profile_id"", ""metadata_profile_version"", ""mime_type"", ""normalization_policy_id"", ""normalization_policy_version"", ""original_filename"", ""parent_entity_ids"", ""producer"", ""resolution_policy_id"", ""resolution_policy_version"", ""sha256"", ""size_bytes""]","[""archive_mapping:derived_metadata"", ""archive_registry:archive_system"", ""content_sha256:derived_metadata"", ""content_stream:derived_metadata"", ""indexed_document_registry:ingestion_system"", ""metadata_backfill_job:ingestion_system"", ""pdf_info_dictionary:embedded_document_metadata"", ""source_provenance_relations:archive_system""]",[],"[""existing prov:Entity enrichment"", ""existing asserted attachment_of retained""]",[],False,SUCCESS
bNKnRnPaMPoD_-WoNMFwm_7g,openarchiver,email_attachment,PDF,FR41161905_541000005867-4.pdf,hash_verified,8ad866c501fb403fa1f6cab245fdc1aebf20ea2d4a5fbd6eadcc5a53b87929fb,"[""archive_object_id"", ""archive_original_name"", ""archive_source"", ""archive_storage_locator"", ""embedded_created_at"", ""embedded_modified_at"", ""extension"", ""extractor"", ""extractor_version"", ""ingested_at"", ""metadata_profile_id"", ""metadata_profile_version"", ""mime_type"", ""normalization_policy_id"", ""normalization_policy_version"", ""original_filename"", ""parent_entity_ids"", ""producer"", ""resolution_policy_id"", ""resolution_policy_version"", ""sha256"", ""size_bytes""]","[""archive_mapping:derived_metadata"", ""archive_registry:archive_system"", ""content_sha256:derived_metadata"", ""content_stream:derived_metadata"", ""indexed_document_registry:ingestion_system"", ""metadata_backfill_job:ingestion_system"", ""pdf_info_dictionary:embedded_document_metadata"", ""source_provenance_relations:archive_system""]",[],"[""existing prov:Entity enrichment"", ""existing asserted attachment_of retained""]",[],False,SUCCESS
-qqXOsUsdtut-WVKvu4oNr5s,openarchiver,email_attachment,PDF,Grand-livre général compte 675.pdf,hash_verified,c6003dff792f12ae7d8f244f90b5df2a4b9d05fb66a6574a86cb83f36e2cb5f9,"[""archive_object_id"", ""archive_original_name"", ""archive_source"", ""archive_storage_locator"", ""creator_application"", ""embedded_created_at"", ""extension"", ""extractor"", ""extractor_version"", ""ingested_at"", ""metadata_profile_id"", ""metadata_profile_version"", ""mime_type"", ""normalization_policy_id"", ""normalization_policy_version"", ""original_filename"", ""parent_entity_ids"", ""producer"", ""resolution_policy_id"", ""resolution_policy_version"", ""sha256"", ""size_bytes""]","[""archive_mapping:derived_metadata"", ""archive_registry:archive_system"", ""content_sha256:derived_metadata"", ""content_stream:derived_metadata"", ""indexed_document_registry:ingestion_system"", ""metadata_backfill_job:ingestion_system"", ""pdf_info_dictionary:embedded_document_metadata"", ""source_provenance_relations:archive_system""]",[],"[""existing prov:Entity enrichment"", ""existing asserted attachment_of retained""]",[],False,SUCCESS
XWgXKPueB6khKec69oCd69SY,openarchiver,email_attachment,PDF,023424 JUSTIF RESULTAT ELOI PRIMAUX.pdf,hash_verified,150d454fddc8eaa3ebf50cedf8419816bbb9a1d58d59af6391e9d085ed7f6dfe,"[""archive_object_id"", ""archive_original_name"", ""archive_source"", ""archive_storage_locator"", ""creator_application"", ""embedded_created_at"", ""extension"", ""extractor"", ""extractor_version"", ""ingested_at"", ""metadata_profile_id"", ""metadata_profile_version"", ""mime_type"", ""normalization_policy_id"", ""normalization_policy_version"", ""original_filename"", ""parent_entity_ids"", ""producer"", ""resolution_policy_id"", ""resolution_policy_version"", ""sha256"", ""size_bytes""]","[""archive_mapping:derived_metadata"", ""archive_registry:archive_system"", ""content_sha256:derived_metadata"", ""content_stream:derived_metadata"", ""indexed_document_registry:ingestion_system"", ""metadata_backfill_job:ingestion_system"", ""pdf_info_dictionary:embedded_document_metadata"", ""source_provenance_relations:archive_system""]",[],"[""existing prov:Entity enrichment"", ""existing asserted attachment_of retained""]",[],False,SUCCESS
HTGCyR6JrEfEkWNznsL18KMn,openarchiver,email_attachment,DOCX,MandatBVallee-Pommerieux_V3.docx,hash_verified,0bd02f9becaee0e2d9520ed4cc4da920c7a7845b85802ff3501b47d9de8a6b15,"[""archive_object_id"", ""archive_original_name"", ""archive_source"", ""archive_storage_locator"", ""creator"", ""creator_application"", ""embedded_created_at"", ""embedded_modified_at"", ""extension"", ""extractor"", ""extractor_version"", ""ingested_at"", ""last_modified_by"", ""metadata_profile_id"", ""metadata_profile_version"", ""mime_type"", ""normalization_policy_id"", ""normalization_policy_version"", ""original_filename"", ""parent_entity_ids"", ""resolution_policy_id"", ""resolution_policy_version"", ""revision"", ""sha256"", ""size_bytes""]","[""archive_mapping:derived_metadata"", ""archive_registry:archive_system"", ""content_sha256:derived_metadata"", ""content_stream:derived_metadata"", ""indexed_document_registry:ingestion_system"", ""metadata_backfill_job:ingestion_system"", ""ooxml_core_properties:embedded_document_metadata"", ""ooxml_extended_properties:embedded_document_metadata"", ""source_provenance_relations:archive_system""]",[],"[""existing prov:Entity enrichment"", ""existing asserted attachment_of retained""]",[],False,SUCCESS
W4LvMsszcht_PP6i52VYMJIW,openarchiver,email_attachment,DOCX,Présentation Isé au GR.docx,hash_verified,57ca1dc7b8d3647ded1214b8cae03931eac0a2c8a98d288635320f9e3b892b9b,"[""application_version"", ""archive_object_id"", ""archive_original_name"", ""archive_source"", ""archive_storage_locator"", ""creator"", ""creator_application"", ""embedded_created_at"", ""embedded_modified_at"", ""extension"", ""extractor"", ""extractor_version"", ""ingested_at"", ""last_modified_by"", ""metadata_profile_id"", ""metadata_profile_version"", ""mime_type"", ""normalization_policy_id"", ""normalization_policy_version"", ""original_filename"", ""parent_entity_ids"", ""resolution_policy_id"", ""resolution_policy_version"", ""revision"", ""sha256"", ""size_bytes""]","[""archive_mapping:derived_metadata"", ""archive_registry:archive_system"", ""content_sha256:derived_metadata"", ""content_stream:derived_metadata"", ""indexed_document_registry:ingestion_system"", ""metadata_backfill_job:ingestion_system"", ""ooxml_core_properties:embedded_document_metadata"", ""ooxml_extended_properties:embedded_document_metadata"", ""source_provenance_relations:archive_system""]",[],"[""existing prov:Entity enrichment"", ""existing asserted attachment_of retained""]",[],False,SUCCESS
1K20n8mvcKNZ7GLKV6usWlTi,openarchiver,email_attachment,DOCX,Bonjour le groupe petit lutin ce tirage au sort est peut.docx,hash_verified,91cfdb5c3f6bbb62410fb9584fde189fce7c9ee29da5e8c59204187f0fbc1f2e,"[""application_version"", ""archive_object_id"", ""archive_original_name"", ""archive_source"", ""archive_storage_locator"", ""creator"", ""creator_application"", ""embedded_created_at"", ""embedded_modified_at"", ""extension"", ""extractor"", ""extractor_version"", ""ingested_at"", ""last_modified_by"", ""metadata_profile_id"", ""metadata_profile_version"", ""mime_type"", ""normalization_policy_id"", ""normalization_policy_version"", ""original_filename"", ""parent_entity_ids"", ""resolution_policy_id"", ""resolution_policy_version"", ""revision"", ""sha256"", ""size_bytes""]","[""archive_mapping:derived_metadata"", ""archive_registry:archive_system"", ""content_sha256:derived_metadata"", ""content_stream:derived_metadata"", ""indexed_document_registry:ingestion_system"", ""metadata_backfill_job:ingestion_system"", ""ooxml_core_properties:embedded_document_metadata"", ""ooxml_extended_properties:embedded_document_metadata"", ""source_provenance_relations:archive_system""]",[],"[""existing prov:Entity enrichment"", ""existing asserted attachment_of retained""]",[],False,SUCCESS
PnVwFZ8LWp4ReDWLKs77zW7E,openarchiver,email_attachment,DOCX,Formulaire Stage agro 1A.docx,hash_verified,ee5e8f585254c6f7ee410e9b61190a8ea5937d1294e290ce0526ad93c87d285c,"[""application_version"", ""archive_object_id"", ""archive_original_name"", ""archive_source"", ""archive_storage_locator"", ""company"", ""creator"", ""creator_application"", ""embedded_created_at"", ""embedded_modified_at"", ""extension"", ""extractor"", ""extractor_version"", ""ingested_at"", ""last_modified_by"", ""metadata_profile_id"", ""metadata_profile_version"", ""mime_type"", ""normalization_policy_id"", ""normalization_policy_version"", ""original_filename"", ""parent_entity_ids"", ""resolution_policy_id"", ""resolution_policy_version"", ""revision"", ""sha256"", ""size_bytes""]","[""archive_mapping:derived_metadata"", ""archive_registry:archive_system"", ""content_sha256:derived_metadata"", ""content_stream:derived_metadata"", ""indexed_document_registry:ingestion_system"", ""metadata_backfill_job:ingestion_system"", ""ooxml_core_properties:embedded_document_metadata"", ""ooxml_extended_properties:embedded_document_metadata"", ""source_provenance_relations:archive_system""]",[],"[""existing prov:Entity enrichment"", ""existing asserted attachment_of retained""]",[],False,SUCCESS
uIVX6UM5WTQxhF80ZcOzLUKu,openarchiver,email_attachment,DOCX,Dose lactatse.docx,hash_verified,a85193df44e1b8fc7ad9fa6cda1a4fefb4e6acb3aa6cf10b4bc958b23b2a0b43,"[""application_version"", ""archive_object_id"", ""archive_original_name"", ""archive_source"", ""archive_storage_locator"", ""creator"", ""creator_application"", ""embedded_created_at"", ""embedded_modified_at"", ""extension"", ""extractor"", ""extractor_version"", ""ingested_at"", ""last_modified_by"", ""metadata_profile_id"", ""metadata_profile_version"", ""mime_type"", ""normalization_policy_id"", ""normalization_policy_version"", ""original_filename"", ""parent_entity_ids"", ""resolution_policy_id"", ""resolution_policy_version"", ""revision"", ""sha256"", ""size_bytes""]","[""archive_mapping:derived_metadata"", ""archive_registry:archive_system"", ""content_sha256:derived_metadata"", ""content_stream:derived_metadata"", ""indexed_document_registry:ingestion_system"", ""metadata_backfill_job:ingestion_system"", ""ooxml_core_properties:embedded_document_metadata"", ""ooxml_extended_properties:embedded_document_metadata"", ""source_provenance_relations:archive_system""]",[],"[""existing prov:Entity enrichment"", ""existing asserted attachment_of retained""]",[],False,SUCCESS
3tudCMWsa57WMSVN3CWFYopW,openarchiver,email_attachment,DOCX,Membres club Tigy.docx,hash_verified,22cb885ef979080aa9ac4474cd06b77dee53c6012795e7d2a618ec2f2b8e9d4c,"[""application_version"", ""archive_object_id"", ""archive_original_name"", ""archive_source"", ""archive_storage_locator"", ""creator"", ""creator_application"", ""embedded_created_at"", ""embedded_modified_at"", ""extension"", ""extractor"", ""extractor_version"", ""ingested_at"", ""last_modified_by"", ""metadata_profile_id"", ""metadata_profile_version"", ""mime_type"", ""normalization_policy_id"", ""normalization_policy_version"", ""original_filename"", ""parent_entity_ids"", ""resolution_policy_id"", ""resolution_policy_version"", ""revision"", ""sha256"", ""size_bytes""]","[""archive_mapping:derived_metadata"", ""archive_registry:archive_system"", ""content_sha256:derived_metadata"", ""content_stream:derived_metadata"", ""indexed_document_registry:ingestion_system"", ""metadata_backfill_job:ingestion_system"", ""ooxml_core_properties:embedded_document_metadata"", ""ooxml_extended_properties:embedded_document_metadata"", ""source_provenance_relations:archive_system""]",[],"[""existing prov:Entity enrichment"", ""existing asserted attachment_of retained""]",[],False,SUCCESS
CrDskJ5mqzp3_qAVrjstTY5Q,openarchiver,email_attachment,DOCX,Delegation pouvoirs CN 27022014.docx,hash_verified,ec289ed45089c4d9505680147bedef0ac9f7aa1bf6a2395f36bd69cb83271883,"[""application_version"", ""archive_object_id"", ""archive_original_name"", ""archive_source"", ""archive_storage_locator"", ""company"", ""creator"", ""creator_application"", ""embedded_created_at"", ""embedded_modified_at"", ""extension"", ""extractor"", ""extractor_version"", ""ingested_at"", ""last_modified_by"", ""metadata_profile_id"", ""metadata_profile_version"", ""mime_type"", ""normalization_policy_id"", ""normalization_policy_version"", ""original_filename"", ""parent_entity_ids"", ""resolution_policy_id"", ""resolution_policy_version"", ""revision"", ""sha256"", ""size_bytes""]","[""archive_mapping:derived_metadata"", ""archive_registry:archive_system"", ""content_sha256:derived_metadata"", ""content_stream:derived_metadata"", ""indexed_document_registry:ingestion_system"", ""metadata_backfill_job:ingestion_system"", ""ooxml_core_properties:embedded_document_metadata"", ""ooxml_extended_properties:embedded_document_metadata"", ""source_provenance_relations:archive_system""]",[],"[""existing prov:Entity enrichment"", ""existing asserted attachment_of retained""]",[],False,SUCCESS
As9h5C2xXePY5CMcSQM-Se6w,openarchiver,email_attachment,DOCX,Limovin infos décembre 2021.docx,hash_verified,c9b70f574735f4814edc4dbe66f4fb6cc002cf3a3b5349147fe4f114c6fecb22,"[""application_version"", ""archive_object_id"", ""archive_original_name"", ""archive_source"", ""archive_storage_locator"", ""company"", ""creator"", ""creator_application"", ""embedded_created_at"", ""embedded_modified_at"", ""extension"", ""extractor"", ""extractor_version"", ""ingested_at"", ""last_modified_by"", ""metadata_profile_id"", ""metadata_profile_version"", ""mime_type"", ""normalization_policy_id"", ""normalization_policy_version"", ""original_filename"", ""parent_entity_ids"", ""resolution_policy_id"", ""resolution_policy_version"", ""revision"", ""sha256"", ""size_bytes""]","[""archive_mapping:derived_metadata"", ""archive_registry:archive_system"", ""content_sha256:derived_metadata"", ""content_stream:derived_metadata"", ""indexed_document_registry:ingestion_system"", ""metadata_backfill_job:ingestion_system"", ""ooxml_core_properties:embedded_document_metadata"", ""ooxml_extended_properties:embedded_document_metadata"", ""source_provenance_relations:archive_system""]",[],"[""existing prov:Entity enrichment"", ""existing asserted attachment_of retained""]",[],False,SUCCESS
QV5BjioVMK3mrbryFbm0O_i_,openarchiver,email_attachment,XLSX,subv.xlsx,hash_verified,df238e12c1383e7b103cbe60e90e9a5230237bfbb2fe82317fc65562ade8414a,"[""archive_object_id"", ""archive_original_name"", ""archive_source"", ""archive_storage_locator"", ""extension"", ""extractor"", ""extractor_version"", ""ingested_at"", ""metadata_profile_id"", ""metadata_profile_version"", ""mime_type"", ""normalization_policy_id"", ""normalization_policy_version"", ""original_filename"", ""parent_entity_ids"", ""resolution_policy_id"", ""resolution_policy_version"", ""sha256"", ""size_bytes""]","[""archive_mapping:derived_metadata"", ""archive_registry:archive_system"", ""content_sha256:derived_metadata"", ""content_stream:derived_metadata"", ""indexed_document_registry:ingestion_system"", ""metadata_backfill_job:ingestion_system"", ""source_provenance_relations:archive_system""]",[],"[""existing prov:Entity enrichment"", ""existing asserted attachment_of retained""]",[],False,SUCCESS
Pt8XabRwJn4p6yffqVvmthAF,openarchiver,email_attachment,XLSX,LISTE IMMO.xlsx,hash_verified,f6987e7244005bccc0bc053c1765f8de4fed0ee70539e2cab46b8e34b1baf73c,"[""archive_object_id"", ""archive_original_name"", ""archive_source"", ""archive_storage_locator"", ""extension"", ""extractor"", ""extractor_version"", ""ingested_at"", ""metadata_profile_id"", ""metadata_profile_version"", ""mime_type"", ""normalization_policy_id"", ""normalization_policy_version"", ""original_filename"", ""parent_entity_ids"", ""resolution_policy_id"", ""resolution_policy_version"", ""sha256"", ""size_bytes""]","[""archive_mapping:derived_metadata"", ""archive_registry:archive_system"", ""content_sha256:derived_metadata"", ""content_stream:derived_metadata"", ""indexed_document_registry:ingestion_system"", ""metadata_backfill_job:ingestion_system"", ""source_provenance_relations:archive_system""]",[],"[""existing prov:Entity enrichment"", ""existing asserted attachment_of retained""]",[],False,SUCCESS
8NaFX7-Mi9akh_UdsvckwBEy,openarchiver,email_attachment,XLSX,2023-Disponibilite agnx 2023-reponses.xlsx,hash_verified,9a4a79b5113d57352b9f86c03cbcea87a8b70277cc1262cbfa27e1be051e5e7b,"[""application_version"", ""archive_object_id"", ""archive_original_name"", ""archive_source"", ""archive_storage_locator"", ""creator"", ""creator_application"", ""embedded_created_at"", ""embedded_modified_at"", ""extension"", ""extractor"", ""extractor_version"", ""ingested_at"", ""last_modified_by"", ""metadata_profile_id"", ""metadata_profile_version"", ""mime_type"", ""normalization_policy_id"", ""normalization_policy_version"", ""original_filename"", ""parent_entity_ids"", ""resolution_policy_id"", ""resolution_policy_version"", ""sha256"", ""size_bytes""]","[""archive_mapping:derived_metadata"", ""archive_registry:archive_system"", ""content_sha256:derived_metadata"", ""content_stream:derived_metadata"", ""indexed_document_registry:ingestion_system"", ""metadata_backfill_job:ingestion_system"", ""ooxml_core_properties:embedded_document_metadata"", ""ooxml_extended_properties:embedded_document_metadata"", ""source_provenance_relations:archive_system""]",[],"[""existing prov:Entity enrichment"", ""existing asserted attachment_of retained""]",[],False,SUCCESS
nblpJTDdAJMYBB4JAbOjcgow,openarchiver,email_attachment,XLSX,brebis pommerieux problème ovall.xlsx,hash_verified,51e2f1759c847f2c2e37880ffec0c5f28dfd57c5767e0ca7a3768ec0b5a095fa,"[""application_version"", ""archive_object_id"", ""archive_original_name"", ""archive_source"", ""archive_storage_locator"", ""creator"", ""creator_application"", ""embedded_created_at"", ""embedded_modified_at"", ""extension"", ""extractor"", ""extractor_version"", ""ingested_at"", ""last_modified_by"", ""metadata_profile_id"", ""metadata_profile_version"", ""mime_type"", ""normalization_policy_id"", ""normalization_policy_version"", ""original_filename"", ""parent_entity_ids"", ""resolution_policy_id"", ""resolution_policy_version"", ""sha256"", ""size_bytes""]","[""archive_mapping:derived_metadata"", ""archive_registry:archive_system"", ""content_sha256:derived_metadata"", ""content_stream:derived_metadata"", ""indexed_document_registry:ingestion_system"", ""metadata_backfill_job:ingestion_system"", ""ooxml_core_properties:embedded_document_metadata"", ""ooxml_extended_properties:embedded_document_metadata"", ""source_provenance_relations:archive_system""]",[],"[""existing prov:Entity enrichment"", ""existing asserted attachment_of retained""]",[],False,SUCCESS
g0pB0cjq_9UBnMxT5UD7O5q1,openarchiver,email_attachment,XLSX,CALCUL COMPLEMENT REM.xlsx,hash_verified,7b1fdc9f641fc6face2a241707d82c5cca682e388df8b1346d0727254c34279c,"[""application_version"", ""archive_object_id"", ""archive_original_name"", ""archive_source"", ""archive_storage_locator"", ""creator"", ""creator_application"", ""embedded_created_at"", ""embedded_modified_at"", ""extension"", ""extractor"", ""extractor_version"", ""ingested_at"", ""last_modified_by"", ""metadata_profile_id"", ""metadata_profile_version"", ""mime_type"", ""normalization_policy_id"", ""normalization_policy_version"", ""original_filename"", ""parent_entity_ids"", ""resolution_policy_id"", ""resolution_policy_version"", ""sha256"", ""size_bytes""]","[""archive_mapping:derived_metadata"", ""archive_registry:archive_system"", ""content_sha256:derived_metadata"", ""content_stream:derived_metadata"", ""indexed_document_registry:ingestion_system"", ""metadata_backfill_job:ingestion_system"", ""ooxml_core_properties:embedded_document_metadata"", ""ooxml_extended_properties:embedded_document_metadata"", ""source_provenance_relations:archive_system""]",[],"[""existing prov:Entity enrichment"", ""existing asserted attachment_of retained""]",[],False,SUCCESS
V0Demey8mXBQCtZvbleOCnPR,openarchiver,email_attachment,XLSX,AVEF LA DEPECHE 2013.xlsx,hash_verified,0440a0e4c643eb0ee215bad0365b0fba7b5707e112f8c3e7fb7a3deabcfc89c4,"[""application_version"", ""archive_object_id"", ""archive_original_name"", ""archive_source"", ""archive_storage_locator"", ""creator"", ""creator_application"", ""embedded_created_at"", ""embedded_modified_at"", ""extension"", ""extractor"", ""extractor_version"", ""ingested_at"", ""last_modified_by"", ""metadata_profile_id"", ""metadata_profile_version"", ""mime_type"", ""normalization_policy_id"", ""normalization_policy_version"", ""original_filename"", ""parent_entity_ids"", ""resolution_policy_id"", ""resolution_policy_version"", ""sha256"", ""size_bytes""]","[""archive_mapping:derived_metadata"", ""archive_registry:archive_system"", ""content_sha256:derived_metadata"", ""content_stream:derived_metadata"", ""indexed_document_registry:ingestion_system"", ""metadata_backfill_job:ingestion_system"", ""ooxml_core_properties:embedded_document_metadata"", ""ooxml_extended_properties:embedded_document_metadata"", ""source_provenance_relations:archive_system""]",[],"[""existing prov:Entity enrichment"", ""existing asserted attachment_of retained""]",[],False,SUCCESS
QlHia7DNzVJ5D-MgoqHD6zkL,openarchiver,email_attachment,HTML,TEMPT32116.VSP777.html,hash_verified,4bb1d5eb214d30b2b96daf05573256f35d40562ff7eccdfed1f4158b830905ba,"[""archive_object_id"", ""archive_original_name"", ""archive_source"", ""archive_storage_locator"", ""extension"", ""extractor"", ""extractor_version"", ""ingested_at"", ""metadata_profile_id"", ""metadata_profile_version"", ""mime_type"", ""normalization_policy_id"", ""normalization_policy_version"", ""original_filename"", ""parent_entity_ids"", ""resolution_policy_id"", ""resolution_policy_version"", ""sha256"", ""size_bytes""]","[""archive_mapping:derived_metadata"", ""archive_registry:archive_system"", ""content_sha256:derived_metadata"", ""content_stream:derived_metadata"", ""indexed_document_registry:ingestion_system"", ""metadata_backfill_job:ingestion_system"", ""source_provenance_relations:archive_system""]",[],"[""existing prov:Entity enrichment"", ""existing asserted attachment_of retained""]",[],False,SUCCESS
sfvfB4295DJueqZZAseIOS8s,openarchiver,email_attachment,HTML,Instructions de téléchargement (fr).html,hash_verified,13862083332167637fabbd6e012d04c1f4464dee25ebf05d4e029f7a9d7259c1,"[""archive_object_id"", ""archive_original_name"", ""archive_source"", ""archive_storage_locator"", ""extension"", ""extractor"", ""extractor_version"", ""ingested_at"", ""metadata_profile_id"", ""metadata_profile_version"", ""mime_type"", ""normalization_policy_id"", ""normalization_policy_version"", ""original_filename"", ""parent_entity_ids"", ""resolution_policy_id"", ""resolution_policy_version"", ""sha256"", ""size_bytes""]","[""archive_mapping:derived_metadata"", ""archive_registry:archive_system"", ""content_sha256:derived_metadata"", ""content_stream:derived_metadata"", ""indexed_document_registry:ingestion_system"", ""metadata_backfill_job:ingestion_system"", ""source_provenance_relations:archive_system""]",[],"[""existing prov:Entity enrichment"", ""existing asserted attachment_of retained""]",[],False,SUCCESS
_5IlIAEBvXGPgqozJeggqRfP,openarchiver,email_attachment,HTML,ATT15352.htm,hash_verified,bb39af2bb0210d0c3f324b5893fc35394fa7d4336352bb78898b4ffbcca2f7d7,"[""archive_object_id"", ""archive_original_name"", ""archive_source"", ""archive_storage_locator"", ""extension"", ""extractor"", ""extractor_version"", ""ingested_at"", ""metadata_profile_id"", ""metadata_profile_version"", ""mime_type"", ""normalization_policy_id"", ""normalization_policy_version"", ""original_filename"", ""parent_entity_ids"", ""resolution_policy_id"", ""resolution_policy_version"", ""sha256"", ""size_bytes""]","[""archive_mapping:derived_metadata"", ""archive_registry:archive_system"", ""content_sha256:derived_metadata"", ""content_stream:derived_metadata"", ""indexed_document_registry:ingestion_system"", ""metadata_backfill_job:ingestion_system"", ""source_provenance_relations:archive_system""]",[],"[""existing prov:Entity enrichment"", ""existing asserted attachment_of retained""]",[],False,SUCCESS
9Cn2OO1f6uzkUE_trc--yqLk,openarchiver,email_attachment,CSV,Morts-20180715144758.csv,hash_verified,92e83927afa5828cbe5a3fea45e26ee75fc077aa3d5730b46a4a27d9c9d247c8,"[""archive_object_id"", ""archive_original_name"", ""archive_source"", ""archive_storage_locator"", ""extension"", ""extractor"", ""extractor_version"", ""ingested_at"", ""metadata_profile_id"", ""metadata_profile_version"", ""mime_type"", ""normalization_policy_id"", ""normalization_policy_version"", ""original_filename"", ""parent_entity_ids"", ""resolution_policy_id"", ""resolution_policy_version"", ""sha256"", ""size_bytes""]","[""archive_mapping:derived_metadata"", ""archive_registry:archive_system"", ""content_sha256:derived_metadata"", ""content_stream:derived_metadata"", ""indexed_document_registry:ingestion_system"", ""metadata_backfill_job:ingestion_system"", ""source_provenance_relations:archive_system""]",[],"[""existing prov:Entity enrichment"", ""existing asserted attachment_of retained""]",[],False,SUCCESS
JqBklICgy-4beEs0_irJSjK9,openarchiver,email_attachment,CSV,1e683477-1982-11f1-9987-883d24f3f498.csv,hash_verified,f95630efefc81635fbeca1d01f05e49e07c81bf67a69637d9e6156ec41d17d18,"[""archive_object_id"", ""archive_original_name"", ""archive_source"", ""archive_storage_locator"", ""extension"", ""extractor"", ""extractor_version"", ""ingested_at"", ""metadata_profile_id"", ""metadata_profile_version"", ""mime_type"", ""normalization_policy_id"", ""normalization_policy_version"", ""original_filename"", ""parent_entity_ids"", ""resolution_policy_id"", ""resolution_policy_version"", ""sha256"", ""size_bytes""]","[""archive_mapping:derived_metadata"", ""archive_registry:archive_system"", ""content_sha256:derived_metadata"", ""content_stream:derived_metadata"", ""indexed_document_registry:ingestion_system"", ""metadata_backfill_job:ingestion_system"", ""source_provenance_relations:archive_system""]",[],"[""existing prov:Entity enrichment"", ""existing asserted attachment_of retained""]",[],False,SUCCESS
09vqMP8OKJIgW0-vJxbM2cf0,openarchiver,email_attachment,TXT,signature.asc,hash_verified,058c3aec78c152c17db064470e3bb821e1d040d0b99719f39b34317e5c1b230e,"[""archive_object_id"", ""archive_original_name"", ""archive_source"", ""archive_storage_locator"", ""extension"", ""extractor"", ""extractor_version"", ""ingested_at"", ""metadata_profile_id"", ""metadata_profile_version"", ""mime_type"", ""normalization_policy_id"", ""normalization_policy_version"", ""original_filename"", ""parent_entity_ids"", ""resolution_policy_id"", ""resolution_policy_version"", ""sha256"", ""size_bytes""]","[""archive_mapping:derived_metadata"", ""archive_registry:archive_system"", ""content_sha256:derived_metadata"", ""content_stream:derived_metadata"", ""indexed_document_registry:ingestion_system"", ""metadata_backfill_job:ingestion_system"", ""source_provenance_relations:archive_system""]",[],"[""existing prov:Entity enrichment"", ""existing asserted attachment_of retained""]",[],False,SUCCESS
cGP9emb585mf0SgErZUq6OlB,local,file,PDF,Demande AE 2021.pdf,hash_verified,fc9ff66f5de59f39e5de34161e9f5e2f155b2d26a0b57fd441932316d23b8fde,"[""archive_object_id"", ""archive_original_name"", ""archive_source"", ""archive_storage_locator"", ""creator_application"", ""embedded_created_at"", ""embedded_modified_at"", ""extension"", ""extractor"", ""extractor_version"", ""ingested_at"", ""metadata_profile_id"", ""metadata_profile_version"", ""mime_type"", ""normalization_policy_id"", ""normalization_policy_version"", ""original_filename"", ""producer"", ""resolution_policy_id"", ""resolution_policy_version"", ""sha256"", ""size_bytes""]","[""archive_mapping:derived_metadata"", ""archive_registry:archive_system"", ""content_sha256:derived_metadata"", ""content_stream:derived_metadata"", ""indexed_document_registry:ingestion_system"", ""metadata_backfill_job:ingestion_system"", ""pdf_info_dictionary:embedded_document_metadata""]",[],"[""existing prov:Entity enrichment""]",[],False,SUCCESS
iG-J-1w5dOgh7rzi_5GnC1il,local,file,PDF,Devis_DEV2014626_PtureSens.pdf,hash_verified,e27d165136b769bcff6f9ea2d588086ba73185acb8b8d77a6e6e2dfb1b816dcf,"[""archive_object_id"", ""archive_original_name"", ""archive_source"", ""archive_storage_locator"", ""embedded_created_at"", ""embedded_modified_at"", ""extension"", ""extractor"", ""extractor_version"", ""ingested_at"", ""metadata_profile_id"", ""metadata_profile_version"", ""mime_type"", ""normalization_policy_id"", ""normalization_policy_version"", ""original_filename"", ""producer"", ""resolution_policy_id"", ""resolution_policy_version"", ""sha256"", ""size_bytes""]","[""archive_mapping:derived_metadata"", ""archive_registry:archive_system"", ""content_sha256:derived_metadata"", ""content_stream:derived_metadata"", ""indexed_document_registry:ingestion_system"", ""metadata_backfill_job:ingestion_system"", ""pdf_info_dictionary:embedded_document_metadata""]",[],"[""existing prov:Entity enrichment""]",[],False,SUCCESS
ZkmaEJ_vS_Rss7QABxVvnNlc,local,file,PDF,024201710010587-DemandeAutorisationExploiter.pdf,hash_verified,0b78ad2aa19749d804ad010cd606ec0193f8a2fc15c377823cbcbdf3758ba1fc,"[""archive_object_id"", ""archive_original_name"", ""archive_source"", ""archive_storage_locator"", ""creator_application"", ""embedded_created_at"", ""embedded_modified_at"", ""extension"", ""extractor"", ""extractor_version"", ""ingested_at"", ""metadata_profile_id"", ""metadata_profile_version"", ""mime_type"", ""normalization_policy_id"", ""normalization_policy_version"", ""original_filename"", ""producer"", ""resolution_policy_id"", ""resolution_policy_version"", ""sha256"", ""size_bytes""]","[""archive_mapping:derived_metadata"", ""archive_registry:archive_system"", ""content_sha256:derived_metadata"", ""content_stream:derived_metadata"", ""indexed_document_registry:ingestion_system"", ""metadata_backfill_job:ingestion_system"", ""pdf_info_dictionary:embedded_document_metadata""]",[],"[""existing prov:Entity enrichment""]",[],False,SUCCESS
H08015Y9Il80f7kyAeMsbW4A,local,file,PDF,Accuse_reception.pdf,hash_verified,8bebbc1c8d431812c7e4e9a3f0a3065bbc6a7718509ee929b5736c33bae65343,"[""archive_object_id"", ""archive_original_name"", ""archive_source"", ""archive_storage_locator"", ""extension"", ""extractor"", ""extractor_version"", ""ingested_at"", ""metadata_profile_id"", ""metadata_profile_version"", ""mime_type"", ""normalization_policy_id"", ""normalization_policy_version"", ""original_filename"", ""resolution_policy_id"", ""resolution_policy_version"", ""sha256"", ""size_bytes""]","[""archive_mapping:derived_metadata"", ""archive_registry:archive_system"", ""content_sha256:derived_metadata"", ""content_stream:derived_metadata"", ""indexed_document_registry:ingestion_system"", ""metadata_backfill_job:ingestion_system""]",[],"[""existing prov:Entity enrichment""]",[],False,SUCCESS
lHN1zbfb8Hs1PTjj1dnJx-16,local,file,PDF,Accuse_de_reception-2.pdf,hash_verified,47bd748eae404a4487585de827de9e2f83bea29ea848913b1f5b977c404a2cce,"[""archive_object_id"", ""archive_original_name"", ""archive_source"", ""archive_storage_locator"", ""extension"", ""extractor"", ""extractor_version"", ""ingested_at"", ""metadata_profile_id"", ""metadata_profile_version"", ""mime_type"", ""normalization_policy_id"", ""normalization_policy_version"", ""original_filename"", ""resolution_policy_id"", ""resolution_policy_version"", ""sha256"", ""size_bytes""]","[""archive_mapping:derived_metadata"", ""archive_registry:archive_system"", ""content_sha256:derived_metadata"", ""content_stream:derived_metadata"", ""indexed_document_registry:ingestion_system"", ""metadata_backfill_job:ingestion_system""]",[],"[""existing prov:Entity enrichment""]",[],False,SUCCESS
hMVytO0rHbhoYZVGou7MDzYY,local,file,PDF,Factures-FDP0111.pdf,hash_verified,4fe422e823f939b18fa5829e873880355c6ea0325d5526cd7a500bd164f5b723,"[""archive_object_id"", ""archive_original_name"", ""archive_source"", ""archive_storage_locator"", ""extension"", ""extractor"", ""extractor_version"", ""ingested_at"", ""metadata_profile_id"", ""metadata_profile_version"", ""mime_type"", ""normalization_policy_id"", ""normalization_policy_version"", ""original_filename"", ""resolution_policy_id"", ""resolution_policy_version"", ""sha256"", ""size_bytes""]","[""archive_mapping:derived_metadata"", ""archive_registry:archive_system"", ""content_sha256:derived_metadata"", ""content_stream:derived_metadata"", ""indexed_document_registry:ingestion_system"", ""metadata_backfill_job:ingestion_system""]",[],"[""existing prov:Entity enrichment""]",[],False,SUCCESS
caPQcD4INHbUjUO-HrV5XEpk,local,file,DOCX,lette_information_PROPRIETAIRE_v1-3-2.docx,hash_verified,5fd9a33925cf6a787410f4823484a90f09fac83b86cdb1c6bf4760adb8ecdfb1,"[""application_version"", ""archive_object_id"", ""archive_original_name"", ""archive_source"", ""archive_storage_locator"", ""company"", ""creator"", ""creator_application"", ""embedded_created_at"", ""embedded_modified_at"", ""extension"", ""extractor"", ""extractor_version"", ""ingested_at"", ""last_modified_by"", ""metadata_profile_id"", ""metadata_profile_version"", ""mime_type"", ""normalization_policy_id"", ""normalization_policy_version"", ""original_filename"", ""resolution_policy_id"", ""resolution_policy_version"", ""revision"", ""sha256"", ""size_bytes""]","[""archive_mapping:derived_metadata"", ""archive_registry:archive_system"", ""content_sha256:derived_metadata"", ""content_stream:derived_metadata"", ""indexed_document_registry:ingestion_system"", ""metadata_backfill_job:ingestion_system"", ""ooxml_core_properties:embedded_document_metadata"", ""ooxml_extended_properties:embedded_document_metadata""]",[],"[""existing prov:Entity enrichment""]",[],False,SUCCESS
YUKSsEsqI2RjOe-LZh0mEQyK,local,file,DOCX,Témoignage Approfondi et Détaillé pour l.docx,hash_verified,db1fb7ff5bd97e80c3c718712571c670e5693db234c487ceae4264bffb316cc3,"[""application_version"", ""archive_object_id"", ""archive_original_name"", ""archive_source"", ""archive_storage_locator"", ""creator"", ""creator_application"", ""embedded_created_at"", ""embedded_modified_at"", ""extension"", ""extractor"", ""extractor_version"", ""ingested_at"", ""last_modified_by"", ""metadata_profile_id"", ""metadata_profile_version"", ""mime_type"", ""normalization_policy_id"", ""normalization_policy_version"", ""original_filename"", ""resolution_policy_id"", ""resolution_policy_version"", ""revision"", ""sha256"", ""size_bytes""]","[""archive_mapping:derived_metadata"", ""archive_registry:archive_system"", ""content_sha256:derived_metadata"", ""content_stream:derived_metadata"", ""indexed_document_registry:ingestion_system"", ""metadata_backfill_job:ingestion_system"", ""ooxml_core_properties:embedded_document_metadata"", ""ooxml_extended_properties:embedded_document_metadata""]",[],"[""existing prov:Entity enrichment""]",[],False,SUCCESS
dRy-0lsvvbUgqjbSNPVlrKtf,local,file,DOCX,Droit d'usage Forage.docx,hash_verified,d570d84294cd0904344e0573635bcc1c8c0b7fc87ef28890e4d5f1cb237a26cc,"[""application_version"", ""archive_object_id"", ""archive_original_name"", ""archive_source"", ""archive_storage_locator"", ""creator"", ""creator_application"", ""embedded_created_at"", ""embedded_modified_at"", ""extension"", ""extractor"", ""extractor_version"", ""ingested_at"", ""last_modified_by"", ""metadata_profile_id"", ""metadata_profile_version"", ""mime_type"", ""normalization_policy_id"", ""normalization_policy_version"", ""original_filename"", ""resolution_policy_id"", ""resolution_policy_version"", ""revision"", ""sha256"", ""size_bytes""]","[""archive_mapping:derived_metadata"", ""archive_registry:archive_system"", ""content_sha256:derived_metadata"", ""content_stream:derived_metadata"", ""indexed_document_registry:ingestion_system"", ""metadata_backfill_job:ingestion_system"", ""ooxml_core_properties:embedded_document_metadata"", ""ooxml_extended_properties:embedded_document_metadata""]",[],"[""existing prov:Entity enrichment""]",[],False,SUCCESS
uW9081EPXgCqYU_PshKEJyy-,local,file,XLSX,2024 Bouclage VID.xlsx,hash_verified,c2a445fd5ad5d5b6cab12c2c76191205bb31eff1c81c57a0ff8b13dd9228f8f4,"[""application_version"", ""archive_object_id"", ""archive_original_name"", ""archive_source"", ""archive_storage_locator"", ""creator"", ""creator_application"", ""embedded_created_at"", ""embedded_modified_at"", ""extension"", ""extractor"", ""extractor_version"", ""ingested_at"", ""last_modified_by"", ""metadata_profile_id"", ""metadata_profile_version"", ""mime_type"", ""normalization_policy_id"", ""normalization_policy_version"", ""original_filename"", ""resolution_policy_id"", ""resolution_policy_version"", ""sha256"", ""size_bytes""]","[""archive_mapping:derived_metadata"", ""archive_registry:archive_system"", ""content_sha256:derived_metadata"", ""content_stream:derived_metadata"", ""indexed_document_registry:ingestion_system"", ""metadata_backfill_job:ingestion_system"", ""ooxml_core_properties:embedded_document_metadata"", ""ooxml_extended_properties:embedded_document_metadata""]",[],"[""existing prov:Entity enrichment""]",[],False,SUCCESS
hq4zMvBX7sV3L6yRDN7kqpnc,local,file,XLSX,Suivi animaux 2023.xlsx,hash_verified,df8d23cd42c82f666d32bd8eeb79ec6371f4ab89f420ed138bd7b2a5b045a851,"[""application_version"", ""archive_object_id"", ""archive_original_name"", ""archive_source"", ""archive_storage_locator"", ""creator"", ""creator_application"", ""embedded_created_at"", ""embedded_modified_at"", ""extension"", ""extractor"", ""extractor_version"", ""ingested_at"", ""last_modified_by"", ""metadata_profile_id"", ""metadata_profile_version"", ""mime_type"", ""normalization_policy_id"", ""normalization_policy_version"", ""original_filename"", ""resolution_policy_id"", ""resolution_policy_version"", ""sha256"", ""size_bytes""]","[""archive_mapping:derived_metadata"", ""archive_registry:archive_system"", ""content_sha256:derived_metadata"", ""content_stream:derived_metadata"", ""indexed_document_registry:ingestion_system"", ""metadata_backfill_job:ingestion_system"", ""ooxml_core_properties:embedded_document_metadata"", ""ooxml_extended_properties:embedded_document_metadata""]",[],"[""existing prov:Entity enrichment""]",[],False,SUCCESS
cAV6Pmrug5GU0TsgKIdsg2JR,local,file,IMAGE,duprodauconso.png,hash_verified,bd427896115c3e65d953fcc7edf404e16bab60ad85d1e1545f6efaf93aeda2e9,"[""archive_object_id"", ""archive_original_name"", ""archive_source"", ""archive_storage_locator"", ""extension"", ""extractor"", ""extractor_version"", ""ingested_at"", ""metadata_profile_id"", ""metadata_profile_version"", ""mime_type"", ""normalization_policy_id"", ""normalization_policy_version"", ""original_filename"", ""resolution_policy_id"", ""resolution_policy_version"", ""sha256"", ""size_bytes""]","[""archive_mapping:derived_metadata"", ""archive_registry:archive_system"", ""content_sha256:derived_metadata"", ""content_stream:derived_metadata"", ""indexed_document_registry:ingestion_system"", ""metadata_backfill_job:ingestion_system""]",[],"[""existing prov:Entity enrichment""]",[],False,SUCCESS
pG9tE7ByGPSpteBuhF4IfCog,local,file,IMAGE,logo-projet-mouton.png,hash_verified,5b8f8d6f94d440c1db5fc3aacef77a76dfbf805e1da0a713dcd2c9a640fcf09d,"[""archive_object_id"", ""archive_original_name"", ""archive_source"", ""archive_storage_locator"", ""extension"", ""extractor"", ""extractor_version"", ""ingested_at"", ""metadata_profile_id"", ""metadata_profile_version"", ""mime_type"", ""normalization_policy_id"", ""normalization_policy_version"", ""original_filename"", ""resolution_policy_id"", ""resolution_policy_version"", ""sha256"", ""size_bytes""]","[""archive_mapping:derived_metadata"", ""archive_registry:archive_system"", ""content_sha256:derived_metadata"", ""content_stream:derived_metadata"", ""indexed_document_registry:ingestion_system"", ""metadata_backfill_job:ingestion_system""]",[],"[""existing prov:Entity enrichment""]",[],False,SUCCESS
wXoSB6m2xFckFgh4dupMyoza,local,file,IMAGE,lenom.png,hash_verified,358d0bfb89b66dad15aed37dbcd7c10861faf5e43316a3be23940ee3a050b885,"[""archive_object_id"", ""archive_original_name"", ""archive_source"", ""archive_storage_locator"", ""extension"", ""extractor"", ""extractor_version"", ""ingested_at"", ""metadata_profile_id"", ""metadata_profile_version"", ""mime_type"", ""normalization_policy_id"", ""normalization_policy_version"", ""original_filename"", ""resolution_policy_id"", ""resolution_policy_version"", ""sha256"", ""size_bytes""]","[""archive_mapping:derived_metadata"", ""archive_registry:archive_system"", ""content_sha256:derived_metadata"", ""content_stream:derived_metadata"", ""indexed_document_registry:ingestion_system"", ""metadata_backfill_job:ingestion_system""]",[],"[""existing prov:Entity enrichment""]",[],False,SUCCESS
szmAIal_7QC9iPlPI4SOiBtC,local,file,IMAGE,1agn.png,hash_verified,b6bd7aea411c81a81a14a520474485af8b047661f567989dcaac522d0a0db5f1,"[""archive_object_id"", ""archive_original_name"", ""archive_source"", ""archive_storage_locator"", ""extension"", ""extractor"", ""extractor_version"", ""ingested_at"", ""metadata_profile_id"", ""metadata_profile_version"", ""mime_type"", ""normalization_policy_id"", ""normalization_policy_version"", ""original_filename"", ""resolution_policy_id"", ""resolution_policy_version"", ""sha256"", ""size_bytes""]","[""archive_mapping:derived_metadata"", ""archive_registry:archive_system"", ""content_sha256:derived_metadata"", ""content_stream:derived_metadata"", ""indexed_document_registry:ingestion_system"", ""metadata_backfill_job:ingestion_system""]",[],"[""existing prov:Entity enrichment""]",[],False,SUCCESS
kyX5x0JEokywMjGH2xp5cg2r,local,file,IMAGE,5kg.png,hash_verified,0770e050d47d546aa4962ff1b6f6ec6b09a08df93f6cd90cd918c8583765625a,"[""archive_object_id"", ""archive_original_name"", ""archive_source"", ""archive_storage_locator"", ""extension"", ""extractor"", ""extractor_version"", ""ingested_at"", ""metadata_profile_id"", ""metadata_profile_version"", ""mime_type"", ""normalization_policy_id"", ""normalization_policy_version"", ""original_filename"", ""resolution_policy_id"", ""resolution_policy_version"", ""sha256"", ""size_bytes""]","[""archive_mapping:derived_metadata"", ""archive_registry:archive_system"", ""content_sha256:derived_metadata"", ""content_stream:derived_metadata"", ""indexed_document_registry:ingestion_system"", ""metadata_backfill_job:ingestion_system""]",[],"[""existing prov:Entity enrichment""]",[],False,SUCCESS
1VhC3cc1AJNAioBLU4AbIMnj,openarchiver,email_attachment,TXT,signature.asc,hash_verified,dbcc5359b0f360b3727ce77c1b22b3f4ff3137ad9d904a5dc586223b7c61537e,"[""archive_object_id"", ""archive_original_name"", ""archive_source"", ""archive_storage_locator"", ""extension"", ""extractor"", ""extractor_version"", ""ingested_at"", ""metadata_profile_id"", ""metadata_profile_version"", ""mime_type"", ""normalization_policy_id"", ""normalization_policy_version"", ""original_filename"", ""parent_entity_ids"", ""resolution_policy_id"", ""resolution_policy_version"", ""sha256"", ""size_bytes""]","[""archive_mapping:derived_metadata"", ""archive_registry:archive_system"", ""content_sha256:derived_metadata"", ""content_stream:derived_metadata"", ""indexed_document_registry:ingestion_system"", ""metadata_backfill_job:ingestion_system"", ""source_provenance_relations:archive_system""]",[],"[""existing prov:Entity enrichment"", ""existing asserted attachment_of retained""]",[],False,SUCCESS
1vKeSsxyUxLkP5v_t6LL_zwo,openarchiver,email_attachment,TXT,signature.asc,hash_verified,23ba38c0591ef8a32e1330af2a09367d7239dd6e581c26960a030771d43f79b4,"[""archive_object_id"", ""archive_original_name"", ""archive_source"", ""archive_storage_locator"", ""extension"", ""extractor"", ""extractor_version"", ""ingested_at"", ""metadata_profile_id"", ""metadata_profile_version"", ""mime_type"", ""normalization_policy_id"", ""normalization_policy_version"", ""original_filename"", ""parent_entity_ids"", ""resolution_policy_id"", ""resolution_policy_version"", ""sha256"", ""size_bytes""]","[""archive_mapping:derived_metadata"", ""archive_registry:archive_system"", ""content_sha256:derived_metadata"", ""content_stream:derived_metadata"", ""indexed_document_registry:ingestion_system"", ""metadata_backfill_job:ingestion_system"", ""source_provenance_relations:archive_system""]",[],"[""existing prov:Entity enrichment"", ""existing asserted attachment_of retained""]",[],False,SUCCESS
